,targets_x,targets_y,scores
0,3,8,38.228013771925276
1,15,14,38.228013771925276
2,19,16,38.228013771925276
3,16,7,38.228013771925276
4,1,5,38.228013771925276
